{
  "IcoMoonType": "selection",
  "icons": [
    {
      "icon": {
        "width": 1024,
        "paths": [
          "M384 736c0-151.234 95.874-280.486 230.032-330.2 16.28-36.538 25.968-77.164 25.968-117.8 0-159.058 0-288-192-288s-192 128.942-192 288c0 99.060 57.502 198.104 128 237.832v52.78c-217.102 17.748-384 124.42-384 253.388h397.306c-8.664-30.53-13.306-62.732-13.306-96z",
          "M736 448c-159.058 0-288 128.942-288 288s128.942 288 288 288c159.056 0 288-128.942 288-288s-128.942-288-288-288zM896 768h-128v128h-64v-128h-128v-64h128v-128h64v128h128v64z"
        ],
        "tags": [
          "user-plus",
          "user",
          "user-add",
          "profile",
          "avatar",
          "person",
          "member"
        ],
        "defaultCode": 59763,
        "grid": 16,
        "attrs": []
      },
      "attrs": [],
      "properties": {
        "ligatures": "user-plus, user2",
        "name": "user-plus",
        "order": 2,
        "id": 116,
        "prevSize": 32
      },
      "setIdx": 0,
      "setId": 1,
      "iconIdx": 115
    },
    {
      "icon": {
        "paths": [
          "M992.262 871.396l-242.552-206.294c-25.074-22.566-51.89-32.926-73.552-31.926 57.256-67.068 91.842-154.078 91.842-249.176 0-212.078-171.922-384-384-384-212.076 0-384 171.922-384 384s171.922 384 384 384c95.098 0 182.108-34.586 249.176-91.844-1 21.662 9.36 48.478 31.926 73.552l206.294 242.552c35.322 39.246 93.022 42.554 128.22 7.356s31.892-92.898-7.354-128.22zM384 640c-141.384 0-256-114.616-256-256s114.616-256 256-256 256 114.616 256 256-114.614 256-256 256z"
        ],
        "tags": [
          "search",
          "magnifier",
          "magnifying-glass",
          "inspect",
          "find"
        ],
        "defaultCode": 59782,
        "grid": 16,
        "attrs": []
      },
      "attrs": [],
      "properties": {
        "ligatures": "search, magnifier",
        "name": "search",
        "order": 3,
        "id": 135,
        "prevSize": 32
      },
      "setIdx": 0,
      "setId": 1,
      "iconIdx": 134
    },
    {
      "icon": {
        "paths": [
          "M64 192h896v192h-896zM64 448h896v192h-896zM64 704h896v192h-896z"
        ],
        "tags": [
          "menu",
          "list",
          "options",
          "lines",
          "hamburger"
        ],
        "defaultCode": 59837,
        "grid": 16,
        "attrs": []
      },
      "attrs": [],
      "properties": {
        "ligatures": "menu, list3",
        "name": "menu",
        "order": 4,
        "id": 190,
        "prevSize": 32
      },
      "setIdx": 0,
      "setId": 1,
      "iconIdx": 189
    }
  ],
  "height": 1024,
  "preferences": {
    "showGlyphs": true,
    "showQuickUse": true,
    "showQuickUse2": true,
    "showSVGs": true,
    "fontPref": {
      "prefix": "icon-",
      "metadata": {
        "fontFamily": "icomoon"
      },
      "metrics": {
        "emSize": 1024,
        "baseline": 6.25,
        "whitespace": 50
      },
      "embed": false
    },
    "imagePref": {
      "prefix": "icon-",
      "png": true,
      "useClassSelector": true,
      "color": 0,
      "bgColor": 16777215,
      "classSelector": ".icon",
      "name": "icomoon"
    },
    "historySize": 50,
    "showCodes": true,
    "gridSize": 16
  }
}